{
    "$schema": "https://go.kicad.org/pcm/schemas/v1/plugin.json",
    "name": "EasyEDA2KiCAD Plugin",
    "description": "Imports parts from LCSC using easyeda2kicad",
    "description_full": "Import LCSC parts using the easyeda2kicad tool.",
    "identifier": "com.github.onurkarakoc79.easyeda2kicad-plugin",
    "type": "plugin",
    "author": {
        "name": "Onur Karakoc",
        "contact": {
            "web": "https://github.com/onurkarakoc79",
            "github": "https://github.com/onurkarakoc79"
        }
    },
    "maintainer": {
        "name": "Onur Karakoc",
        "contact": {
            "web": "https://github.com/onurkarakoc79",
            "github": "https://github.com/onurkarakoc79"
        }
    },
    "license": "Unlicense",
    "resources": {
        "homepage": "https://github.com/onurkarakoc79/EasyEDA2KiCAD-Plugin"
    },
    "tags": [
        "easyeda",
        "import",
        "footprint",
        "symbol",
        "lcsc"
    ],
    "versions": [
        {
            "version": "1.0.0",
            "status": "stable",
            "kicad_version": "9.0",
            "download_url": "https://github.com/onurkarakoc79/EasyEDA2KiCAD-Plugin/releases/download/v1.0.0/easyeda2kicad-plugin.zip",
            "release_notes": "Initial release with EasyEDA to KiCad import support."
        }
    ]
}
